kappa,delta,eta,distribution,mse
7,0.5,0.5,g,0.118
Best loss: 0.03743377118644068
Best parameters:
kappa=6, delta=0.46511454419887244, eta=0.7229091383523364, distribution=uniform, radius=1, scale=5
est loss: 0.0371299406779661
Best parameters:
kappa=7, delta=0.44427423585655046, eta=0.7315985522666514, distribution=uniform, radius=3, scale=10

Best loss: 0.026735109463276837
Best parameters:
kappa=9, delta=0.4143158063681155, eta=0.7492172409901976, distribution=uniform, radius=3, scale=5

when inserting the negative values 5 times more
0.02474915909090909

Best loss: 0.024731749999999997
Best parameters:
kappa=4, delta=0.35657560851692627, eta=0.7006991328491539, distribution=half_gaussian_bell, radius=3, scale=5

Best loss: 0.024532578124999996
Best parameters:
kappa=4, delta=0.3810462660157783, eta=0.6951357612910574, distribution=half_gaussian_bell, radius=0, scale=15

est loss: 0.02212956818181818
Best parameters:
kappa=9, delta=0.33320437330764924, eta=0.7456790260750077, distribution=uniform, radius=1, scale=5, alpha=0.34965659084399175, beta=0.4660341806781261, lambda_=1.4776285918940686, gamma=0.16492999532234712

Best loss: 0.020256964488636366
not sure what the parameters are